model,fixed_chi2,fixed_dof,fixed_reduced_chi2,fixed_p_value,offset,offset_error,shape_chi2,shape_dof,shape_reduced_chi2,shape_p_value
1000× solar H₂-rich,83.48361065777233,56,1.4907787617459345,0.010057880006844388,-3.297319354668156e-06,4.321995311377846e-06,82.90156984188549,55,1.5073012698524635,0.008874438217436375
100× solar H₂-rich,498.5378167998109,56,8.902461014282338,2.927515919294496e-72,-3.157563787559681e-05,4.321995311377846e-06,445.1630878459015,55,8.093874324470937,1.8966726881629191e-62
10× solar H₂-rich,8942.198946574466,56,159.6821240459726,0.0,-0.00016944444486112243,4.321995311377846e-06,7405.155697435966,55,134.63919449883576,0.0
1× solar H₂-rich,11541.077727842912,56,206.09067371148058,0.0,-0.0001909018005183625,4.321995311377846e-06,9590.103797499178,55,174.36552359089413,0.0
Pure CH₄,128.6881845801415,56,2.298003296073955,1.1942066526924588e-07,-1.9224049064274688e-05,4.321995311377846e-06,108.90386358985774,55,1.9800702470883225,2.05869856633865e-05
Clear Titan-like,70.76500421926843,56,1.2636607896297936,0.08846169364480323,-1.0292076139417861e-05,4.321995311377846e-06,65.0942947423568,55,1.1835326316792145,0.16555726245453337
Clear Venus-like,62.898128575659925,56,1.1231808674224986,0.2453338396104192,3.7292520657061346e-06,4.321995311377846e-06,62.15361110182597,55,1.1300656563968359,0.23652774896734
Cloudy Venus-like,56.0670441723097,56,1.0011972173626733,0.47234611539843935,5.15694817188464e-07,4.321995311377846e-06,56.05280722261203,55,1.0191419495020368,0.435154400730173
Pure CO₂,57.58244402948563,56,1.0282579290979577,0.4164272166714526,2.9252294396331102e-06,4.321995311377846e-06,57.12435352644585,55,1.0386246095717429,0.39611495091621357
Earth-like,63.652350277141466,56,1.1366491120918119,0.22515337849766706,-5.368381961891173e-06,4.321995311377846e-06,62.10951971227453,55,1.1292639947686278,0.23772398336808392
Pure H₂O,61.69412408018228,56,1.101680787146112,0.2798287787073455,-1.8980570261894474e-06,4.321995311377846e-06,61.50126063071923,55,1.1182047387403495,0.25462019075360187
Hazy Titan-like,53.00760722074134,56,0.9465644146560954,0.5888635419564702,-4.615023947283529e-06,4.321995311377846e-06,51.86741168829374,55,0.943043848878068,0.5950761799479918
Mars-like,56.06964504894145,56,1.0012436615882403,0.4722484839882778,1.5335394445263026e-06,4.321995311377846e-06,55.9437463276143,55,1.0171590241384418,0.4391983842196754
